{
  "metrics": {
    "accuracy": 0.7077544518999834,
    "precision_class0": 0.971971340737391,
    "recall_class0": 0.6833393984692524,
    "f1_class0": 0.8024913940051792,
    "iou_class0": 0.6701341351434514,
    "precision_class1": 0.2930510518706735,
    "recall_class1": 0.8694751415281256,
    "f1_class1": 0.4383567548792628,
    "iou_class1": 0.280702238650782,
    "miou": 0.4754181868971167,
    "tp1": 2115200,
    "fp1": 5102655,
    "fn1": 317532,
    "tn1": 11011301,
    "total_pixels": 18546688
  },
  "val_loss_best": 0.43127092719078064,
  "trial_number": 53,
  "params": {
    "act": "gelu",
    "preact": true,
    "up_mode": "nearest",
    "se_ratio": 8,
    "depth": 4,
    "stem_filters": 64,
    "dropout_rate": 0.05,
    "class_weight_0": 0.11185845337053614,
    "class_weight_1": 2.0952461533902156,
    "gamma": 1.1698483745374846,
    "lambda_focal": 1.097761950641742,
    "lambda_dice": 0.550342759949538,
    "lr": 0.00016462248163870408
  },
  "init_weights_used": false,
  "init_weights_path": ""
}