{
  "metrics": {
    "accuracy": 0.7948892007025729,
    "precision_class0": 0.9432032422043037,
    "recall_class0": 0.8128721463556187,
    "f1_class0": 0.8732012861576856,
    "iou_class0": 0.7749399031350709,
    "precision_class1": 0.35283406727038513,
    "recall_class1": 0.6757735747299743,
    "f1_class1": 0.46360911428216095,
    "iou_class1": 0.30175205970813324,
    "miou": 0.5383459814216021,
    "tp1": 1643976,
    "fp1": 3015370,
    "fn1": 788756,
    "tn1": 13098586,
    "total_pixels": 18546688
  },
  "val_loss_best": 0.40780654549598694,
  "trial_number": 55,
  "params": {
    "act": "gelu",
    "preact": true,
    "up_mode": "nearest",
    "se_ratio": 8,
    "depth": 4,
    "stem_filters": 64,
    "dropout_rate": 0.15000000000000002,
    "class_weight_0": 0.5413243459750919,
    "class_weight_1": 2.444231280440048,
    "gamma": 2.048280913281313,
    "lambda_focal": 0.5238541757796686,
    "lambda_dice": 0.5059219857215547,
    "lr": 1.9473149546018918e-05
  },
  "init_weights_used": false,
  "init_weights_path": ""
}