{
  "metrics": {
    "accuracy": 0.8059820707610976,
    "precision_class0": 0.9645453081004278,
    "recall_class0": 0.8063301153360478,
    "f1_class0": 0.8783700075505179,
    "iou_class0": 0.7831192224383027,
    "precision_class1": 0.38517761713250687,
    "recall_class1": 0.8036766894174944,
    "f1_class1": 0.520767381619865,
    "iou_class1": 0.3520523919964275,
    "miou": 0.5675858072173651,
    "tp1": 1955130,
    "fp1": 3120788,
    "fn1": 477602,
    "tn1": 12993168,
    "total_pixels": 18546688
  },
  "val_loss_best": 0.5415549874305725,
  "trial_number": 3,
  "params": {
    "act": "gelu",
    "preact": true,
    "up_mode": "nearest",
    "se_ratio": 8,
    "depth": 4,
    "stem_filters": 64,
    "dropout_rate": 0.05,
    "class_weight_0": 0.24607232426760908,
    "class_weight_1": 1.8594513179286452,
    "gamma": 1.9121399684340719,
    "lambda_focal": 1.2851759613930136,
    "lambda_dice": 0.7595759168058677,
    "lr": 7.475992999956501e-05
  },
  "init_weights_used": true,
  "init_weights_path": "/mnt/project-data/kwan/AI_Forestry/model/Change_Detection_FCNs-main/resUnet_new/optuna_runs_resu_old/optuna_t0020/best_resunet.h5"
}