{
  "metrics": {
    "accuracy": 0.8364331701765088,
    "precision_class0": 0.9627679180358806,
    "recall_class0": 0.8444419457283904,
    "f1_class0": 0.8997312711625802,
    "iou_class0": 0.8177377467714327,
    "precision_class1": 0.4314169633698866,
    "recall_class1": 0.7832847943819238,
    "f1_class1": 0.5563873523513915,
    "iou_class1": 0.38541318771184835,
    "miou": 0.6015754672416406,
    "tp1": 2346086,
    "fp1": 3092008,
    "fn1": 649103,
    "tn1": 16784867,
    "total_pixels": 22872064
  },
  "val_loss_best": 0.5371392965316772,
  "trial_number": 9,
  "params": {
    "act": "gelu",
    "preact": true,
    "up_mode": "nearest",
    "se_ratio": 8,
    "depth": 4,
    "stem_filters": 64,
    "dropout_rate": 0.05,
    "class_weight_0": 0.19170225492671691,
    "class_weight_1": 1.747636037327168,
    "gamma": 2.049512863264476,
    "lambda_focal": 0.9319450186421158,
    "lambda_dice": 0.8785978822574545,
    "lr": 0.00010952662748632558
  },
  "init_weights_used": true,
  "init_weights_path": "/mnt/project-data/kwan/AI_Forestry/model/Change_Detection_FCNs-main/resUnet_new/optuna_runs_resunet_clean/optuna_t0004/best_resunet.h5"
}