{
  "metrics": {
    "accuracy": 0.8416105344522968,
    "precision_class0": 0.9570156739376997,
    "recall_class0": 0.8561524556725859,
    "f1_class0": 0.903778646864948,
    "iou_class0": 0.8244490442375142,
    "precision_class1": 0.43889332414758714,
    "recall_class1": 0.7452876025801445,
    "f1_class1": 0.5524523254166431,
    "iou_class1": 0.3816470677386524,
    "miou": 0.6030480559880833,
    "tp1": 1813085,
    "fp1": 2317953,
    "fn1": 619647,
    "tn1": 13796003,
    "total_pixels": 18546688
  },
  "val_loss_best": 0.9516700506210327,
  "trial_number": 4,
  "params": {
    "act": "gelu",
    "preact": true,
    "up_mode": "nearest",
    "se_ratio": 8,
    "depth": 4,
    "stem_filters": 64,
    "dropout_rate": 0.25,
    "class_weight_0": 0.12322520635999887,
    "class_weight_1": 2.293580733422589,
    "gamma": 1.341048247374583,
    "lambda_focal": 0.5650515929852795,
    "lambda_dice": 1.7335511984293333,
    "lr": 0.00043709904681305016
  },
  "init_weights_used": true,
  "init_weights_path": "/mnt/project-data/kwan/AI_Forestry/model/Change_Detection_FCNs-main/resUnet_new/optuna_runs_resu_old/optuna_t0020/best_resunet.h5"
}