{
  "metrics": {
    "accuracy": 0.8175101731089944,
    "precision_class0": 0.9667734712836161,
    "recall_class0": 0.818129157626639,
    "f1_class0": 0.8862618642227515,
    "iou_class0": 0.7957542583421129,
    "precision_class1": 0.40260551502994885,
    "recall_class1": 0.8134024263577357,
    "f1_class1": 0.5386154015024804,
    "iou_class1": 0.368565127931581,
    "miou": 0.5821596931368469,
    "tp1": 2436294,
    "fp1": 3615024,
    "fn1": 558895,
    "tn1": 16261851,
    "total_pixels": 22872064
  },
  "val_loss_best": 0.47409170866012573,
  "trial_number": 16,
  "params": {
    "act": "gelu",
    "preact": true,
    "up_mode": "nearest",
    "se_ratio": 8,
    "depth": 4,
    "stem_filters": 64,
    "dropout_rate": 0.15000000000000002,
    "class_weight_0": 0.2404672548436904,
    "class_weight_1": 2.1768529496848474,
    "gamma": 1.2818484499495253,
    "lambda_focal": 1.3021969807540397,
    "lambda_dice": 0.5969158367837021,
    "lr": 0.0004749974771378396
  },
  "init_weights_used": true,
  "init_weights_path": "/mnt/project-data/kwan/AI_Forestry/model/Change_Detection_FCNs-main/resUnet_new/optuna_runs_resunet_clean/optuna_t0004/best_resunet.h5"
}