{
  "metrics": {
    "accuracy": 0.8104636795529208,
    "precision_class0": 0.9651999301979574,
    "recall_class0": 0.8110930674007053,
    "f1_class0": 0.8814615303866549,
    "iou_class0": 0.7880475766661447,
    "precision_class1": 0.39186584776019034,
    "recall_class1": 0.8062947336574682,
    "f1_class1": 0.5274073847020052,
    "iou_class1": 0.35814887241932747,
    "miou": 0.5730982245427361,
    "tp1": 1961499,
    "fp1": 3044038,
    "fn1": 471233,
    "tn1": 13069918,
    "total_pixels": 18546688
  },
  "val_loss_best": 0.5561458468437195,
  "trial_number": 2,
  "params": {
    "act": "gelu",
    "preact": true,
    "up_mode": "nearest",
    "se_ratio": 8,
    "depth": 4,
    "stem_filters": 64,
    "dropout_rate": 0.05,
    "class_weight_0": 0.19170225492671691,
    "class_weight_1": 1.747636037327168,
    "gamma": 2.049512863264476,
    "lambda_focal": 0.9319450186421158,
    "lambda_dice": 0.8785978822574545,
    "lr": 0.00010952662748632558
  },
  "init_weights_used": true,
  "init_weights_path": "/mnt/project-data/kwan/AI_Forestry/model/Change_Detection_FCNs-main/resUnet_new/optuna_runs_resu_old/optuna_t0020/best_resunet.h5"
}