{
  "metrics": {
    "accuracy": 0.7628737810222505,
    "precision_class0": 0.9703630773144165,
    "recall_class0": 0.749980699959712,
    "f1_class0": 0.8460559913117438,
    "iou_class0": 0.7331863460806008,
    "precision_class1": 0.3387199122320074,
    "recall_class1": 0.8482751079855899,
    "f1_class1": 0.484126159304027,
    "iou_class1": 0.31937100984720035,
    "miou": 0.5262786779639006,
    "tp1": 2063626,
    "fp1": 4028800,
    "fn1": 369106,
    "tn1": 12085156,
    "total_pixels": 18546688
  },
  "val_loss_best": 0.37378811836242676,
  "trial_number": 25,
  "params": {
    "act": "gelu",
    "preact": true,
    "up_mode": "nearest",
    "se_ratio": 8,
    "depth": 4,
    "stem_filters": 64,
    "dropout_rate": 0.2,
    "class_weight_0": 0.156575757223256,
    "class_weight_1": 2.0990987623743655,
    "gamma": 2.0488593451496557,
    "lambda_focal": 0.9267653053415785,
    "lambda_dice": 0.532078097226143,
    "lr": 4.758909879625754e-05
  },
  "init_weights_used": true,
  "init_weights_path": "/mnt/project-data/kwan/AI_Forestry/model/Change_Detection_FCNs-main/resUnet_new/optuna_runs_resu_old/optuna_t0020/best_resunet.h5"
}