{
  "metrics": {
    "accuracy": 0.7329490850334033,
    "precision_class0": 0.976634540979042,
    "recall_class0": 0.7096092976796015,
    "f1_class0": 0.8219795201921232,
    "iou_class0": 0.6977633532535698,
    "precision_class1": 0.315736268788455,
    "recall_class1": 0.8875474158271441,
    "f1_class1": 0.46577696187349266,
    "iou_class1": 0.3035914272557587,
    "miou": 0.5006773902546642,
    "tp1": 2159165,
    "fp1": 4679343,
    "fn1": 273567,
    "tn1": 11434613,
    "total_pixels": 18546688
  },
  "val_loss_best": 0.3905315101146698,
  "trial_number": 18,
  "params": {
    "act": "gelu",
    "preact": true,
    "up_mode": "nearest",
    "se_ratio": 8,
    "depth": 4,
    "stem_filters": 64,
    "dropout_rate": 0.2,
    "class_weight_0": 0.18084330541961968,
    "class_weight_1": 2.753269179335855,
    "gamma": 1.61248851459961,
    "lambda_focal": 1.0753775389431148,
    "lambda_dice": 0.5061621555490161,
    "lr": 0.00015309454895107928
  },
  "init_weights_used": true,
  "init_weights_path": "/mnt/project-data/kwan/AI_Forestry/model/Change_Detection_FCNs-main/resUnet_new/optuna_runs_resu_old/optuna_t0020/best_resunet.h5"
}