{
  "metrics": {
    "accuracy": 0.8516045163217452,
    "precision_class0": 0.9579275695624803,
    "recall_class0": 0.8673368927459674,
    "f1_class0": 0.9103841539863555,
    "iou_class0": 0.8355092827596007,
    "precision_class1": 0.4590843691422284,
    "recall_class1": 0.7472002601505281,
    "f1_class1": 0.5687346944895271,
    "iou_class1": 0.39736496951323985,
    "miou": 0.6164371261364203,
    "tp1": 2238006,
    "fp1": 2636928,
    "fn1": 757183,
    "tn1": 17239947,
    "total_pixels": 22872064
  },
  "val_loss_best": 0.9333847761154175,
  "trial_number": 11,
  "params": {
    "act": "gelu",
    "preact": true,
    "up_mode": "nearest",
    "se_ratio": 8,
    "depth": 4,
    "stem_filters": 64,
    "dropout_rate": 0.25,
    "class_weight_0": 0.12322520635999887,
    "class_weight_1": 2.293580733422589,
    "gamma": 1.341048247374583,
    "lambda_focal": 0.5650515929852795,
    "lambda_dice": 1.7335511984293333,
    "lr": 0.00043709904681305016
  },
  "init_weights_used": true,
  "init_weights_path": "/mnt/project-data/kwan/AI_Forestry/model/Change_Detection_FCNs-main/resUnet_new/optuna_runs_resunet_clean/optuna_t0004/best_resunet.h5"
}