{
  "metrics": {
    "accuracy": 0.8288676123737025,
    "precision_class0": 0.9591276840927511,
    "recall_class0": 0.8387752827424874,
    "f1_class0": 0.8949232625464252,
    "iou_class0": 0.8098290663584089,
    "precision_class1": 0.41680672382091033,
    "recall_class1": 0.7632410803984985,
    "f1_class1": 0.5391714014787161,
    "iou_class1": 0.36908601188701373,
    "miou": 0.5894575391227113,
    "tp1": 1856761,
    "fp1": 2597968,
    "fn1": 575971,
    "tn1": 13515988,
    "total_pixels": 18546688
  },
  "val_loss_best": 0.4320286512374878,
  "trial_number": 5,
  "params": {
    "act": "gelu",
    "preact": true,
    "up_mode": "nearest",
    "se_ratio": 8,
    "depth": 4,
    "stem_filters": 64,
    "dropout_rate": 0.35000000000000003,
    "class_weight_0": 0.2523068845866854,
    "class_weight_1": 1.3758098052114909,
    "gamma": 2.3684660530243136,
    "lambda_focal": 0.9401524937396013,
    "lambda_dice": 0.6586497052982125,
    "lr": 6.938901412739398e-05
  },
  "init_weights_used": true,
  "init_weights_path": "/mnt/project-data/kwan/AI_Forestry/model/Change_Detection_FCNs-main/resUnet_new/optuna_runs_resu_old/optuna_t0020/best_resunet.h5"
}