{
  "metrics": {
    "accuracy": 0.8065050212738792,
    "precision_class0": 0.9661091313107888,
    "recall_class0": 0.8055515355757457,
    "f1_class0": 0.8785550289704529,
    "iou_class0": 0.7834134100792229,
    "precision_class1": 0.38690815697000164,
    "recall_class1": 0.81282072994477,
    "f1_class1": 0.5242633965056531,
    "iou_class1": 0.3552553994149548,
    "miou": 0.5693344047470889,
    "tp1": 1977375,
    "fp1": 3133334,
    "fn1": 455357,
    "tn1": 12980622,
    "total_pixels": 18546688
  },
  "val_loss_best": 0.4286443889141083,
  "trial_number": 34,
  "params": {
    "act": "gelu",
    "preact": true,
    "up_mode": "nearest",
    "se_ratio": 8,
    "depth": 4,
    "stem_filters": 64,
    "dropout_rate": 0.35000000000000003,
    "class_weight_0": 0.13951854270313688,
    "class_weight_1": 1.2135851747693276,
    "gamma": 2.4908085140478,
    "lambda_focal": 1.238811422320261,
    "lambda_dice": 0.6697646136570126,
    "lr": 0.0002831882911997907
  },
  "init_weights_used": true,
  "init_weights_path": "/mnt/project-data/kwan/AI_Forestry/model/Change_Detection_FCNs-main/resUnet_new/optuna_runs_resu_old/optuna_t0020/best_resunet.h5"
}