{
  "metrics": {
    "accuracy": 0.8352565820032682,
    "precision_class0": 0.9637095931506339,
    "recall_class0": 0.8421445020909977,
    "f1_class0": 0.8988353351720423,
    "iou_class0": 0.8162587884278627,
    "precision_class1": 0.429774566720854,
    "recall_class1": 0.7895465027415632,
    "f1_class1": 0.5565835195012676,
    "iou_class1": 0.38560147193896227,
    "miou": 0.6009301301834125,
    "tp1": 2364841,
    "fp1": 3137674,
    "fn1": 630348,
    "tn1": 16739201,
    "total_pixels": 22872064
  },
  "val_loss_best": 1.0895062685012817,
  "trial_number": 8,
  "params": {
    "act": "gelu",
    "preact": true,
    "up_mode": "nearest",
    "se_ratio": 8,
    "depth": 4,
    "stem_filters": 64,
    "dropout_rate": 0.35000000000000003,
    "class_weight_0": 0.40055750587160444,
    "class_weight_1": 2.474530640032882,
    "gamma": 1.041168988591605,
    "lambda_focal": 1.4699098521619942,
    "lambda_dice": 1.5821754330405482,
    "lr": 2.2948683681130543e-05
  },
  "init_weights_used": true,
  "init_weights_path": "/mnt/project-data/kwan/AI_Forestry/model/Change_Detection_FCNs-main/resUnet_new/optuna_runs_resunet_clean/optuna_t0004/best_resunet.h5"
}